tempo_hh:mm:ss,velocidade_Instantanea_kmh,velocidade_Media_kmh,distancia_km
09:18:17,1.140000,1.108799999999999,0.0030
09:18:18,1.200000,1.1393999999999997,0.0033
09:18:19,1.260000,1.1699999999999997,0.0036
09:18:20,1.320000,1.1997,0.0040
09:18:21,1.380000,1.2297599999999995,0.0044
09:18:22,1.440000,1.2599999999999996,0.0048
09:18:23,1.500000,1.2898285714285713,0.0052
09:18:24,1.559999,1.31985,0.0056
09:18:25,1.619999,1.3499999999999999,0.0060
